description,category
pizza hut,Food
uber ride,Travel
petrol,Transport
amazon order,Shopping
mcdonalds burger,Food
grocery supermarket,Food
zomato delivery,Food
swiggy,Food
ola cab,Travel
flight tickets,Travel
train booking,Travel
bus pass,Travel
diesel,Transport
fuel station,Transport
flipkart,Shopping
myntra clothes,Shopping
shoes store,Shopping
electricity bill,Bills
water utility,Bills
wifi internet,Bills
house rent,Bills
phone recharge,Bills
starbucks coffee,Food
kfc chicken,Food
blinkit groceries,Food
zepto,Food
makemytrip flight,Travel
irctc train,Travel
redbus,Travel
hp petrol pump,Transport
indian oil fuel,Transport
bharat petroleum,Transport
ajio clothes,Shopping
zara,Shopping
hm store,Shopping
bescom electricity,Bills
airtel wifi,Bills
jio recharge,Bills
act fibernet,Bills
owner rent,Bills
store blinkit,Food
weekly grocery,Food
dining,Food
food delivery subscription,Food
ticket for grocery,Food
recharge ice cream,Food
bill for breakfast charge,Food
breakfast,Food
weekly dining,Food
recharge snacks,Food
dairy,Food
paid for subway payment,Food
ticket for pizza,Food
online snacks order,Food
trip to zepto expense,Food
instamart,Food
ordered ice cream charge,Food
bill for dining,Food
ordered cafe,Food
monthly zomato,Food
monthly grocery charge,Food
cafe,Food
ubereats,Food
supermarket,Food
kfc,Food
kfc charge,Food
snacks,Food
subway bill,Food
food delivery purchase,Food
zepto charge,Food
zepto expense,Food
fruits,Food
dominos bill,Food
starbucks,Food
bakery charge,Food
swiggy order,Food
burger subscription,Food
pizza,Food
bakery,Food
store dominos,Food
recharge vegetables expense,Food
weekly subway,Food
mcdonalds charge,Food
store breakfast,Food
vegetables,Food
store supermarket,Food
dairy bill,Food
bill for pizza subscription,Food
bill for vegetables,Food
weekly dinner subscription,Food
bill for meat purchase,Food
weekly lunch,Food
bill for mcdonalds,Food
ticket for burger bill,Food
burger,Food
instamart charge,Food
ticket for supermarket expense,Food
bill for swiggy purchase,Food
pizza payment,Food
zomato,Food
online supermarket purchase,Food
store bakery,Food
dominos,Food
online dining,Food
store meat order,Food
instamart expense,Food
trip to dinner,Food
mcdonalds,Food
monthly dinner purchase,Food
online blinkit bill,Food
recharge dining subscription,Food
coffee,Food
bill for restaurant,Food
monthly food delivery,Food
trip to zepto bill,Food
dominos order,Food
ticket for swiggy subscription,Food
weekly ubereats order,Food
online cafe payment,Food
weekly snacks charge,Food
online lunch,Food
store fruits,Food
recharge grocery order,Food
paid for starbucks expense,Food
recharge zomato subscription,Food
monthly fruits expense,Food
paid for pizza order,Food
restaurant,Food
meat bill,Food
store pizza order,Food
recharge zomato,Food
dinner,Food
store restaurant,Food
store subway expense,Food
subway,Food
recharge restaurant,Food
bakery order,Food
monthly subway,Food
monthly ice cream,Food
meat,Food
kfc payment,Food
store food delivery bill,Food
weekly kfc subscription,Food
snacks order,Food
recharge zomato order,Food
paid for starbucks,Food
trip to kfc charge,Food
store coffee,Food
dominos expense,Food
blinkit bill,Food
dominos payment,Food
supermarket charge,Food
online zomato expense,Food
ordered ice cream subscription,Food
biriyani rice,Food
lunch at cafe,Food
trip to airbnb,Travel
holiday,Travel
airbnb,Travel
yatra,Travel
trip to cleartrip,Travel
bus ticket,Travel
bill for uber intercity purchase,Travel
monthly cleartrip purchase,Travel
online redbus,Travel
indigo order,Travel
goibibo,Travel
paid for holiday charge,Travel
yatra payment,Travel
bus ticket purchase,Travel
cleartrip,Travel
yatra charge,Travel
airbnb payment,Travel
paid for redbus expense,Travel
irctc,Travel
paid for goibibo,Travel
trip to redbus,Travel
paid for air india,Travel
trip to goibibo charge,Travel
ordered ola outstation order,Travel
ordered trip,Travel
ticket for booking,Travel
ordered cleartrip,Travel
recharge cleartrip charge,Travel
ticket for yatra,Travel
monthly hotel purchase,Travel
online flight,Travel
monthly uber intercity payment,Travel
weekly trip payment,Travel
ola outstation,Travel
ticket for cleartrip subscription,Travel
hotel charge,Travel
ticket for hotel,Travel
recharge uber intercity,Travel
recharge uber intercity bill,Travel
store vacation purchase,Travel
trip to cleartrip payment,Travel
spicejet,Travel
uber intercity subscription,Travel
flight,Travel
weekly airbnb,Travel
air india,Travel
ticket for holiday charge,Travel
bus ticket order,Travel
train,Travel
uber intercity,Travel
online yatra,Travel
trip charge,Travel
trip to booking,Travel
weekly indigo bill,Travel
ticket for makemytrip bill,Travel
indigo,Travel
ticket for irctc,Travel
trip purchase,Travel
ordered flight bill,Travel
makemytrip charge,Travel
indigo bill,Travel
store yatra charge,Travel
ticket for airbnb,Travel
weekly makemytrip bill,Travel
ticket for goibibo order,Travel
trip order,Travel
ticket for vacation,Travel
ordered irctc,Travel
trip to makemytrip,Travel
irctc order,Travel
ordered yatra subscription,Travel
yatra purchase,Travel
holiday expense,Travel
yatra order,Travel
recharge trip,Travel
online cleartrip order,Travel
paid for cleartrip purchase,Travel
cleartrip purchase,Travel
bill for train purchase,Travel
trip,Travel
bill for booking,Travel
ticket for trip charge,Travel
vacation,Travel
monthly holiday payment,Travel
bill for irctc order,Travel
online spicejet,Travel
holiday charge,Travel
online resort order,Travel
trip to train,Travel
monthly vacation,Travel
indigo payment,Travel
hotel subscription,Travel
vistara expense,Travel
train payment,Travel
recharge holiday,Travel
hotel,Travel
resort expense,Travel
trip to goibibo expense,Travel
airbnb charge,Travel
trip to air india,Travel
ola outstation purchase,Travel
recharge vacation expense,Travel
vistara bill,Travel
trip to train expense,Travel
train subscription,Travel
ticket for vistara bill,Travel
trip payment,Travel
makemytrip payment,Travel
vacation expense,Travel
makemytrip bill,Travel
irctc subscription,Travel
airbnb expense,Travel
weekly trip,Travel
goibibo bill,Travel
irctc payment,Travel
ordered spicejet,Travel
bill for hotel,Travel
ola outstation subscription,Travel
trip to uber intercity,Travel
store ola outstation expense,Travel
store train,Travel
bill for bus ticket,Travel
air india expense,Travel
trip to uber expense,Transport
online cng order,Transport
toll,Transport
monthly scooter rent,Transport
bill for metro card purchase,Transport
cab expense,Transport
trip to indian oil purchase,Transport
parking order,Transport
trip to indian oil bill,Transport
paid for scooter rent bill,Transport
ola,Transport
paid for diesel,Transport
weekly bike service order,Transport
fuel,Transport
ola charge,Transport
ordered ola payment,Transport
cab,Transport
uber charge,Transport
bill for fuel,Transport
store taxi payment,Transport
paid for toll,Transport
hp petrol,Transport
bus pass purchase,Transport
indian oil,Transport
ordered fastag payment,Transport
store bike service,Transport
parking,Transport
paid for fuel order,Transport
rapido order,Transport
trip to diesel,Transport
cng,Transport
bill for bike service,Transport
monthly diesel,Transport
trip to toll,Transport
ordered bike service,Transport
weekly scooter rent charge,Transport
auto expense,Transport
fuel subscription,Transport
paid for metro card,Transport
monthly metro card purchase,Transport
store bus pass,Transport
cng expense,Transport
bill for cng,Transport
weekly parking order,Transport
ordered toll,Transport
paid for scooter rent subscription,Transport
ordered fastag,Transport
toll bill,Transport
car wash,Transport
uber order,Transport
taxi expense,Transport
scooter rent,Transport
ordered hp petrol,Transport
bill for cab payment,Transport
rapido,Transport
ordered ola,Transport
ticket for parking,Transport
recharge petrol charge,Transport
paid for bike service,Transport
fastag bill,Transport
paid for bus pass,Transport
recharge diesel charge,Transport
monthly auto,Transport
bike service,Transport
ticket for cng purchase,Transport
paid for bharat petroleum,Transport
paid for hp petrol,Transport
weekly diesel,Transport
weekly bharat petroleum charge,Transport
weekly bharat petroleum,Transport
parking charge,Transport
bill for auto payment,Transport
trip to taxi payment,Transport
bus pass,Transport
taxi,Transport
petrol bill,Transport
fastag,Transport
bill for taxi,Transport
store auto payment,Transport
indian oil order,Transport
store fuel,Transport
ordered rapido purchase,Transport
ordered cng,Transport
paid for bike service purchase,Transport
weekly auto charge,Transport
trip to parking payment,Transport
auto payment,Transport
recharge metro card expense,Transport
store auto,Transport
car wash purchase,Transport
rapido subscription,Transport
ordered fastag subscription,Transport
bus pass bill,Transport
store bharat petroleum order,Transport
bill for metro card,Transport
bill for auto,Transport
bill for car wash,Transport
monthly indian oil,Transport
parking subscription,Transport
ticket for auto charge,Transport
store parking charge,Transport
monthly cab,Transport
diesel bill,Transport
online fuel payment,Transport
store bus pass charge,Transport
petrol subscription,Transport
ordered rapido,Transport
metro card,Transport
ticket for fuel,Transport
monthly cab subscription,Transport
recharge meesho,Shopping
ajio,Shopping
weekly sunglasses order,Shopping
ticket for electronics,Shopping
ordered hm expense,Shopping
paid for watch charge,Shopping
bill for sunglasses,Shopping
monthly accessories,Shopping
adidas subscription,Shopping
trip to gift,Shopping
recharge beauty,Shopping
meesho bill,Shopping
online clothes,Shopping
trip to flipkart,Shopping
bill for electronics,Shopping
bill for watch,Shopping
online watch,Shopping
recharge shoes bill,Shopping
store gift charge,Shopping
meesho payment,Shopping
paid for mobile bill,Shopping
beauty purchase,Shopping
recharge accessories,Shopping
weekly amazon,Shopping
paid for nike charge,Shopping
puma,Shopping
recharge ajio subscription,Shopping
recharge adidas charge,Shopping
ajio order,Shopping
store hm,Shopping
bill for watch subscription,Shopping
clothes payment,Shopping
beauty expense,Shopping
puma payment,Shopping
beauty,Shopping
ordered ajio bill,Shopping
paid for mobile,Shopping
weekly laptop,Shopping
shoes purchase,Shopping
mall,Shopping
store mobile payment,Shopping
ajio payment,Shopping
myntra,Shopping
trip to mall,Shopping
bill for nike,Shopping
bill for adidas,Shopping
clothes bill,Shopping
ticket for meesho payment,Shopping
store shoes,Shopping
bill for watch payment,Shopping
nike subscription,Shopping
ordered shoes,Shopping
ordered sunglasses order,Shopping
store flipkart expense,Shopping
ajio charge,Shopping
ticket for levis purchase,Shopping
trip to watch,Shopping
paid for accessories expense,Shopping
mall expense,Shopping
ticket for nykaa charge,Shopping
trip to hm,Shopping
laptop subscription,Shopping
ticket for meesho expense,Shopping
hm,Shopping
trip to myntra bill,Shopping
online mobile charge,Shopping
weekly flipkart,Shopping
puma expense,Shopping
levis,Shopping
myntra order,Shopping
ticket for mobile,Shopping
store nike,Shopping
ticket for hm,Shopping
zara order,Shopping
flipkart charge,Shopping
ticket for shoes order,Shopping
hm expense,Shopping
adidas purchase,Shopping
hm order,Shopping
store nike charge,Shopping
monthly flipkart,Shopping
zara payment,Shopping
recharge watch expense,Shopping
store mall charge,Shopping
nykaa order,Shopping
bill for amazon charge,Shopping
monthly nike expense,Shopping
adidas bill,Shopping
ticket for sunglasses purchase,Shopping
store flipkart order,Shopping
mall bill,Shopping
meesho charge,Shopping
amazon,Shopping
bill for clothes,Shopping
gift payment,Shopping
weekly beauty,Shopping
levis subscription,Shopping
meesho subscription,Shopping
recharge flipkart order,Shopping
adidas,Shopping
store beauty purchase,Shopping
electronics bill,Shopping
ticket for laptop subscription,Shopping
mall charge,Shopping
ordered laptop payment,Shopping
ticket for accessories bill,Shopping
recharge mobile bill,Shopping
clothes purchase,Shopping
monthly adidas purchase,Shopping
levis expense,Shopping
ticket for puma bill,Shopping
sunglasses order,Shopping
bill for hm,Shopping
store beauty bill,Shopping
ticket for laptop,Shopping
shoes,Shopping
hm payment,Shopping
bill for laptop subscription,Shopping
accessories bill,Shopping
ordered clothes,Shopping
ticket for myntra subscription,Shopping
laptop,Shopping
gift,Shopping
store watch payment,Shopping
ordered hm,Shopping
recharge meesho expense,Shopping
mall purchase,Shopping
trip to laptop subscription,Shopping
recharge sunglasses,Shopping
trip to meesho order,Shopping
gift subscription,Shopping
airtel,Bills
paid for emi,Bills
store netflix expense,Bills
trip to wifi,Bills
electricity,Bills
weekly airtel,Bills
recharge amazon prime subscription,Bills
trip to maintenance,Bills
emi purchase,Bills
trip to loan subscription,Bills
ordered rent,Bills
maintenance,Bills
insurance,Bills
online rent,Bills
airtel payment,Bills
store subscription,Bills
loan order,Bills
paid for subscription,Bills
weekly emi,Bills
loan,Bills
monthly amazon prime bill,Bills
bill for gas,Bills
dth,Bills
ticket for vi,Bills
monthly maintenance,Bills
weekly loan payment,Bills
internet,Bills
tata sky,Bills
broadband,Bills
act fibernet purchase,Bills
ticket for spotify,Bills
recharge spotify,Bills
mobile recharge,Bills
maintenance payment,Bills
netflix charge,Bills
netflix,Bills
ordered emi,Bills
vi,Bills
wifi subscription,Bills
bill for maintenance charge,Bills
amazon prime payment,Bills
ticket for internet subscription,Bills
recharge airtel,Bills
tata sky expense,Bills
ticket for mobile recharge,Bills
amazon prime,Bills
store amazon prime payment,Bills
subscription expense,Bills
online wifi payment,Bills
tata sky bill,Bills
paid for tata sky,Bills
wifi purchase,Bills
wifi payment,Bills
ordered electricity,Bills
electricity purchase,Bills
vi bill,Bills
loan purchase,Bills
recharge rent,Bills
emi,Bills
subscription,Bills
airtel subscription,Bills
spotify,Bills
broadband subscription,Bills
paid for broadband,Bills
ordered act fibernet,Bills
wifi order,Bills
wifi bill,Bills
recharge emi payment,Bills
paid for mobile recharge,Bills
weekly mobile recharge,Bills
online dth charge,Bills
monthly dth expense,Bills
bill for maintenance payment,Bills
electricity charge,Bills
online netflix payment,Bills
paid for dth,Bills
store insurance charge,Bills
gas purchase,Bills
ordered wifi,Bills
paid for maintenance bill,Bills
gas,Bills
trip to vi,Bills
ordered broadband subscription,Bills
paid for vi,Bills
ordered maintenance,Bills
online spotify,Bills
trip to internet,Bills
ordered internet charge,Bills
paid for amazon prime,Bills
online emi,Bills
rent,Bills
rent subscription,Bills
monthly loan,Bills
bill for spotify,Bills
trip to rent bill,Bills
recharge vi,Bills
bill for amazon prime payment,Bills
water,Bills
maintenance subscription,Bills
ordered water,Bills
online gas expense,Bills
store tata sky,Bills
trip to electricity,Bills
paid for water,Bills
vi expense,Bills
dth expense,Bills
recharge electricity,Bills
broadband purchase,Bills
monthly rent bill,Bills
ticket for wifi,Bills
wifi expense,Bills
ordered gas,Bills
broadband order,Bills
gas payment,Bills
bill for broadband subscription,Bills
ticket for ice cream,Food
online ice cream bill,Food
ordered mcdonalds payment,Food
monthly biryani payment,Food
biryani,Food
online dairy charge,Food
blinkit order,Food
monthly food delivery payment,Food
supermarket bill,Food
recharge zepto bill,Food
monthly lunch,Food
dining expense,Food
online pizza,Food
online restaurant,Food
food delivery,Food
ticket for burger,Food
ticket for food delivery,Food
bill for swiggy subscription,Food
cafe purchase,Food
store biryani order,Food
mcdonalds purchase,Food
ice cream purchase,Food
online grocery,Food
dairy order,Food
food delivery charge,Food
weekly zomato,Food
bill for lunch charge,Food
online zepto,Food
zomato expense,Food
ticket for vegetables order,Food
ordered bakery subscription,Food
coffee payment,Food
dairy expense,Food
bill for fruits expense,Food
weekly bakery bill,Food
online burger payment,Food
bill for snacks,Food
ice cream subscription,Food
breakfast bill,Food
bill for bakery,Food
store instamart purchase,Food
burger order,Food
mandhi,Food
recharge meat,Food
bakery payment,Food
swiggy expense,Food
lunch subscription,Food
dinner purchase,Food
ice cream,Food
ice cream expense,Food
subway subscription,Food
zepto order,Food
ordered coffee subscription,Food
online blinkit,Food
biryani charge,Food
recharge coffee,Food
lunch order,Food
swiggy subscription,Food
trip to biryani,Food
restaurant payment,Food
mandhi charge,Food
dinner subscription,Food
trip to pizza,Food
online supermarket order,Food
lunch,Food
starbucks purchase,Food
online ice cream,Food
snacks purchase,Food
burger expense,Food
monthly dinner,Food
online fruits order,Food
restaurant order,Food
ordered mandhi order,Food
paid for biryani,Food
online fruits charge,Food
store vegetables expense,Food
recharge dinner,Food
bill for lunch,Food
trip to dining,Food
weekly ubereats,Food
trip to dairy subscription,Food
paid for fruits,Food
paid for biryani payment,Food
trip to zepto charge,Food
online mandhi,Food
lunch purchase,Food
ticket for breakfast purchase,Food
weekly fruits purchase,Food
recharge dairy,Food
weekly zepto purchase,Food
zomato charge,Food
grocery,Food
store dinner order,Food
ordered blinkit charge,Food
supermarket payment,Food
online dinner expense,Food
recharge mcdonalds,Food
grocery expense,Food
weekly restaurant charge,Food
bill for starbucks bill,Food
online swiggy,Food
ordered blinkit,Food
dinner payment,Food
bill for ice cream,Food
breakfast subscription,Food
cafe subscription,Food
recharge supermarket order,Food
paid for dominos subscription,Food
supermarket subscription,Food
recharge pizza payment,Food
paid for breakfast bill,Food
weekly blinkit,Food
breakfast order,Food
dinner expense,Food
ticket for blinkit expense,Food
supermarket purchase,Food
ticket for restaurant,Food
subway purchase,Food
trip to mcdonalds,Food
store biryani payment,Food
monthly dominos,Food
dining bill,Food
meat purchase,Food
recharge meat purchase,Food
trip to burger bill,Food
ordered dining charge,Food
trip to kfc,Food
recharge coffee order,Food
ticket for biryani,Food
trip to lunch subscription,Food
ordered grocery payment,Food
store restaurant order,Food
trip to ubereats payment,Food
recharge cafe expense,Food
monthly biryani,Food
lunch expense,Food
monthly blinkit charge,Food
ordered dinner,Food
fruits payment,Food
zomato payment,Food
monthly kfc,Food
vegetables bill,Food
trip to blinkit payment,Food
online mcdonalds,Food
paid for subway,Food
monthly dining subscription,Food
online instamart,Food
ordered mcdonalds bill,Food
online ice cream payment,Food
weekly dinner,Food
ordered mcdonalds,Food
paid for mandhi,Food
recharge zepto,Food
restaurant expense,Food
bill for food delivery,Food
fruits expense,Food
biryani expense,Food
online bakery,Food
monthly supermarket,Food
trip to snacks expense,Food
trip to ubereats purchase,Food
trip to instamart,Food
monthly cafe,Food
ordered cafe expense,Food
bakery bill,Food
breakfast expense,Food
starbucks bill,Food
grocery subscription,Food
grocery payment,Food
online mcdonalds charge,Food
paid for pizza,Food
paid for ice cream,Food
zomato subscription,Food
recharge instamart,Food
store grocery,Food
ordered dairy,Food
paid for snacks charge,Food
store vegetables bill,Food
monthly cafe order,Food
pizza order,Food
online dining subscription,Food
kfc purchase,Food
online dining order,Food
paid for lunch,Food
ice cream charge,Food
bill for grocery,Food
paid for ubereats,Food
paid for zomato,Food
store meat,Food
ticket for dominos,Food
weekly blinkit payment,Food
recharge cafe order,Food
bill for biryani payment,Food
blinkit,Food
bill for starbucks,Food
trip to subway,Food
instamart order,Food
biryani bill,Food
biryani purchase,Food
coffee purchase,Food
dining charge,Food
ordered starbucks charge,Food
dinner bill,Food
weekly fruits,Food
store mcdonalds subscription,Food
store ubereats,Food
subway payment,Food
cleartrip order,Travel
bill for resort,Travel
redbus charge,Travel
trip to bus ticket,Travel
store holiday,Travel
paid for bus ticket charge,Travel
store train subscription,Travel
online hotel expense,Travel
holiday bill,Travel
recharge bus ticket expense,Travel
online holiday payment,Travel
ordered cleartrip subscription,Travel
store train bill,Travel
makemytrip,Travel
ticket for train charge,Travel
weekly redbus,Travel
spicejet expense,Travel
recharge booking order,Travel
weekly goibibo purchase,Travel
store vistara,Travel
online bus ticket expense,Travel
ticket for bus ticket expense,Travel
booking payment,Travel
resort purchase,Travel
recharge bus ticket,Travel
booking bill,Travel
indigo purchase,Travel
online airbnb,Travel
bill for uber intercity payment,Travel
weekly flight,Travel
paid for vistara,Travel
weekly yatra order,Travel
ticket for ola outstation,Travel
yatra expense,Travel
bill for spicejet,Travel
ola outstation payment,Travel
airbnb bill,Travel
vistara,Travel
trip bill,Travel
resort charge,Travel
bill for cleartrip bill,Travel
online train subscription,Travel
trip to vacation charge,Travel
weekly makemytrip charge,Travel
redbus subscription,Travel
resort,Travel
airbnb order,Travel
bill for holiday subscription,Travel
vistara purchase,Travel
weekly air india,Travel
ordered booking,Travel
recharge redbus,Travel
trip to holiday order,Travel
uber intercity bill,Travel
store booking,Travel
monthly uber intercity expense,Travel
trip expense,Travel
monthly ola outstation payment,Travel
hotel order,Travel
ticket for resort,Travel
booking subscription,Travel
air india bill,Travel
recharge makemytrip,Travel
trip to redbus expense,Travel
store spicejet,Travel
store redbus subscription,Travel
ordered redbus bill,Travel
bill for ola outstation subscription,Travel
online yatra charge,Travel
booking,Travel
bill for irctc,Travel
store ola outstation purchase,Travel
weekly flight expense,Travel
paid for cleartrip,Travel
bill for yatra,Travel
recharge trip payment,Travel
train purchase,Travel
trip to flight order,Travel
recharge yatra,Travel
air india order,Travel
online hotel,Travel
store goibibo,Travel
ordered air india,Travel
paid for yatra,Travel
paid for indigo,Travel
online irctc bill,Travel
weekly holiday order,Travel
vistara subscription,Travel
uber intercity charge,Travel
store spicejet purchase,Travel
redbus order,Travel
ordered makemytrip,Travel
monthly cleartrip expense,Travel
bill for indigo bill,Travel
flight purchase,Travel
ticket for trip payment,Travel
trip subscription,Travel
monthly redbus,Travel
weekly hotel,Travel
air india subscription,Travel
store airbnb,Travel
paid for holiday payment,Travel
paid for redbus payment,Travel
paid for bus ticket subscription,Travel
flight expense,Travel
store bus ticket,Travel
online uber intercity purchase,Travel
online booking bill,Travel
hotel bill,Travel
spicejet charge,Travel
ticket for yatra subscription,Travel
uber intercity order,Travel
ticket for train,Travel
ticket for flight,Travel
yatra subscription,Travel
flight order,Travel
trip to air india payment,Travel
ticket for airbnb expense,Travel
bill for resort subscription,Travel
bill for cleartrip,Travel
weekly trip purchase,Travel
trip to bus ticket payment,Travel
store redbus,Travel
weekly hotel subscription,Travel
paid for redbus,Travel
trip to trip,Travel
weekly uber intercity payment,Travel
ordered irctc order,Travel
weekly uber intercity purchase,Travel
irctc purchase,Travel
online holiday,Travel
flight subscription,Travel
bill for yatra order,Travel
ordered uber intercity,Travel
store bus ticket subscription,Travel
ticket for holiday,Travel
weekly yatra,Travel
paid for flight,Travel
trip to yatra,Travel
store bus ticket payment,Travel
ordered airbnb expense,Travel
bill for indigo,Travel
ordered booking bill,Travel
recharge vistara,Travel
paid for ola outstation,Travel
vistara order,Travel
bill for hotel bill,Travel
store indigo subscription,Travel
flight bill,Travel
store air india order,Travel
yatra bill,Travel
recharge cleartrip,Travel
paid for spicejet expense,Travel
monthly ola outstation,Travel
ordered train order,Travel
ticket for goibibo expense,Travel
uber intercity payment,Travel
trip to ola outstation bill,Travel
weekly goibibo charge,Travel
paid for uber intercity bill,Travel
trip to vistara charge,Travel
paid for vacation purchase,Travel
trip to uber intercity bill,Travel
bill for resort purchase,Travel
ticket for yatra payment,Travel
recharge holiday expense,Travel
bill for spicejet purchase,Travel
paid for resort,Travel
bill for ola outstation order,Travel
recharge flight expense,Travel
resort subscription,Travel
weekly makemytrip,Travel
weekly irctc order,Travel
bus ticket subscription,Travel
weekly irctc,Travel
monthly makemytrip,Travel
weekly air india expense,Travel
store resort,Travel
store holiday payment,Travel
paid for yatra bill,Travel
vistara charge,Travel
ticket for metro card purchase,Transport
trip to toll bill,Transport
online cng expense,Transport
paid for ola expense,Transport
online rapido,Transport
uber subscription,Transport
monthly metro card expense,Transport
petrol payment,Transport
indian oil purchase,Transport
uber purchase,Transport
weekly cab,Transport
ordered uber charge,Transport
fastag expense,Transport
monthly cng purchase,Transport
indian oil bill,Transport
trip to cab,Transport
trip to car wash,Transport
paid for uber,Transport
ola expense,Transport
monthly bharat petroleum,Transport
bill for bike service purchase,Transport
ticket for petrol expense,Transport
recharge taxi,Transport
monthly diesel purchase,Transport
monthly rapido,Transport
ticket for indian oil,Transport
toll purchase,Transport
cab purchase,Transport
bharat petroleum charge,Transport
ticket for scooter rent order,Transport
paid for taxi,Transport
recharge bike service payment,Transport
ordered ola charge,Transport
ticket for cab,Transport
trip to bus pass,Transport
recharge bus pass,Transport
online cab,Transport
hp petrol expense,Transport
paid for fastag,Transport
trip to taxi,Transport
weekly hp petrol charge,Transport
toll payment,Transport
bill for petrol,Transport
diesel expense,Transport
trip to ola,Transport
cng bill,Transport
bill for scooter rent bill,Transport
recharge parking subscription,Transport
online parking payment,Transport
ticket for bike service charge,Transport
online bus pass expense,Transport
rapido bill,Transport
online parking subscription,Transport
recharge petrol expense,Transport
bike service purchase,Transport
recharge rapido,Transport
cab charge,Transport
bill for hp petrol,Transport
online scooter rent,Transport
paid for car wash,Transport
paid for petrol order,Transport
car wash payment,Transport
trip to uber payment,Transport
bill for petrol purchase,Transport
monthly taxi expense,Transport
ola order,Transport
ordered bharat petroleum,Transport
trip to hp petrol order,Transport
fastag charge,Transport
ordered cng expense,Transport
auto subscription,Transport
hp petrol subscription,Transport
online hp petrol purchase,Transport
paid for ola purchase,Transport
store hp petrol purchase,Transport
diesel payment,Transport
bus pass subscription,Transport
auto purchase,Transport
paid for cng,Transport
store metro card payment,Transport
monthly fastag,Transport
metro card bill,Transport
online bharat petroleum order,Transport
recharge metro card,Transport
store bharat petroleum,Transport
fastag subscription,Transport
recharge taxi subscription,Transport
toll order,Transport
monthly toll purchase,Transport
ordered fuel bill,Transport
trip to ola expense,Transport
fuel purchase,Transport
car wash order,Transport
monthly uber,Transport
trip to bike service,Transport
taxi order,Transport
monthly ola order,Transport
ticket for bharat petroleum order,Transport
ticket for taxi payment,Transport
recharge auto purchase,Transport
uber,Transport
trip to scooter rent,Transport
bharat petroleum subscription,Transport
scooter rent payment,Transport
monthly toll payment,Transport
ordered car wash bill,Transport
ticket for cab order,Transport
scooter rent subscription,Transport
weekly petrol,Transport
monthly petrol,Transport
fuel bill,Transport
trip to ola bill,Transport
scooter rent expense,Transport
store fuel order,Transport
auto,Transport
ticket for hp petrol order,Transport
hp petrol order,Transport
ordered uber expense,Transport
trip to auto subscription,Transport
ticket for rapido expense,Transport
recharge cab bill,Transport
ordered scooter rent charge,Transport
store cab,Transport
bill for diesel,Transport
weekly metro card,Transport
petrol order,Transport
taxi bill,Transport
bill for taxi subscription,Transport
recharge bus pass payment,Transport
toll subscription,Transport
fuel order,Transport
trip to fastag order,Transport
ticket for diesel,Transport
weekly ola,Transport
recharge indian oil,Transport
online taxi,Transport
bill for metro card expense,Transport
ordered cng purchase,Transport
ticket for bus pass charge,Transport
bike service payment,Transport
weekly metro card charge,Transport
recharge car wash order,Transport
paid for scooter rent,Transport
store diesel purchase,Transport
weekly scooter rent,Transport
store car wash subscription,Transport
bharat petroleum expense,Transport
uber bill,Transport
scooter rent purchase,Transport
ticket for car wash,Transport
online toll payment,Transport
ordered bus pass order,Transport
trip to fastag,Transport
bill for fastag,Transport
petrol expense,Transport
online indian oil,Transport
store cng,Transport
paid for shoes subscription,Shopping
store mall purchase,Shopping
nykaa,Shopping
store watch charge,Shopping
weekly myntra,Shopping
mobile order,Shopping
online clothes purchase,Shopping
online meesho,Shopping
nike payment,Shopping
mobile expense,Shopping
levis bill,Shopping
weekly hm subscription,Shopping
weekly accessories purchase,Shopping
ticket for adidas payment,Shopping
flipkart bill,Shopping
monthly meesho,Shopping
store accessories expense,Shopping
mall order,Shopping
mobile,Shopping
paid for shoes,Shopping
ajio subscription,Shopping
nike,Shopping
online nike,Shopping
trip to nike charge,Shopping
hm subscription,Shopping
ordered adidas,Shopping
bill for clothes bill,Shopping
mobile payment,Shopping
monthly laptop,Shopping
paid for nike bill,Shopping
recharge accessories subscription,Shopping
clothes,Shopping
ordered meesho,Shopping
paid for hm bill,Shopping
online beauty,Shopping
online myntra bill,Shopping
electronics,Shopping
ordered nike subscription,Shopping
accessories,Shopping
puma bill,Shopping
bill for nykaa,Shopping
online mall charge,Shopping
ordered adidas bill,Shopping
electronics charge,Shopping
beauty bill,Shopping
mall subscription,Shopping
myntra bill,Shopping
weekly mobile,Shopping
trip to shoes bill,Shopping
online accessories bill,Shopping
monthly clothes,Shopping
recharge myntra,Shopping
trip to beauty,Shopping
store adidas order,Shopping
ticket for mobile bill,Shopping
electronics order,Shopping
bill for laptop,Shopping
monthly myntra,Shopping
sunglasses,Shopping
beauty order,Shopping
watch bill,Shopping
monthly zara charge,Shopping
paid for zara purchase,Shopping
trip to myntra subscription,Shopping
online flipkart,Shopping
monthly meesho bill,Shopping
bill for ajio subscription,Shopping
sunglasses bill,Shopping
store amazon purchase,Shopping
trip to nykaa,Shopping
meesho,Shopping
weekly amazon bill,Shopping
paid for shoes charge,Shopping
watch,Shopping
nykaa payment,Shopping
ticket for accessories purchase,Shopping
ordered hm order,Shopping
ticket for accessories,Shopping
sunglasses subscription,Shopping
online puma expense,Shopping
flipkart payment,Shopping
recharge shoes charge,Shopping
levis order,Shopping
weekly nike bill,Shopping
bill for amazon expense,Shopping
beauty subscription,Shopping
paid for gift,Shopping
online watch charge,Shopping
recharge hm,Shopping
bill for meesho,Shopping
trip to nike,Shopping
online gift,Shopping
hm charge,Shopping
weekly puma,Shopping
recharge gift purchase,Shopping
store laptop charge,Shopping
ticket for flipkart,Shopping
weekly shoes,Shopping
online myntra payment,Shopping
electronics subscription,Shopping
online accessories,Shopping
electronics payment,Shopping
monthly sunglasses,Shopping
recharge levis bill,Shopping
ordered beauty purchase,Shopping
ordered accessories purchase,Shopping
paid for mobile expense,Shopping
store adidas purchase,Shopping
store myntra,Shopping
trip to sunglasses,Shopping
laptop payment,Shopping
bill for hm subscription,Shopping
recharge clothes charge,Shopping
trip to myntra,Shopping
store zara order,Shopping
paid for watch,Shopping
trip to mobile purchase,Shopping
paid for amazon,Shopping
trip to clothes,Shopping
bill for adidas charge,Shopping
paid for gift order,Shopping
trip to gift subscription,Shopping
trip to shoes subscription,Shopping
monthly puma,Shopping
paid for gift purchase,Shopping
ordered nike,Shopping
accessories expense,Shopping
ticket for adidas charge,Shopping
store meesho,Shopping
trip to puma,Shopping
store gift,Shopping
paid for electronics,Shopping
zara subscription,Shopping
bill for levis,Shopping
recharge levis,Shopping
store mobile,Shopping
paid for laptop,Shopping
store mobile order,Shopping
levis payment,Shopping
myntra purchase,Shopping
recharge amazon,Shopping
bill for puma expense,Shopping
zara charge,Shopping
online amazon expense,Shopping
ticket for nike payment,Shopping
ordered watch order,Shopping
online ajio,Shopping
shoes bill,Shopping
monthly myntra order,Shopping
online mobile subscription,Shopping
ordered watch,Shopping
store ajio,Shopping
bill for myntra,Shopping
ordered puma,Shopping
paid for electronics order,Shopping
recharge puma charge,Shopping
beauty payment,Shopping
electronics purchase,Shopping
ordered ajio subscription,Shopping
paid for flipkart payment,Shopping
myntra charge,Shopping
puma subscription,Shopping
electronics expense,Shopping
accessories order,Shopping
hm purchase,Shopping
gift purchase,Shopping
adidas charge,Shopping
paid for ajio expense,Shopping
bill for shoes payment,Shopping
weekly adidas,Shopping
weekly shoes charge,Shopping
monthly amazon bill,Shopping
ticket for amazon payment,Shopping
ordered accessories payment,Shopping
ticket for insurance payment,Bills
act fibernet bill,Bills
ordered maintenance purchase,Bills
monthly airtel expense,Bills
weekly dth,Bills
gas subscription,Bills
airtel charge,Bills
paid for tata sky charge,Bills
recharge gas,Bills
recharge loan order,Bills
paid for rent subscription,Bills
trip to broadband expense,Bills
internet subscription,Bills
online dth,Bills
trip to amazon prime order,Bills
trip to netflix expense,Bills
trip to dth subscription,Bills
internet expense,Bills
electricity order,Bills
jio,Bills
rent charge,Bills
trip to spotify,Bills
online amazon prime payment,Bills
ordered netflix,Bills
monthly water,Bills
broadband bill,Bills
weekly rent,Bills
weekly wifi,Bills
weekly vi,Bills
weekly internet,Bills
electricity payment,Bills
paid for internet,Bills
ticket for netflix,Bills
jio order,Bills
mobile recharge subscription,Bills
ordered insurance,Bills
jio subscription,Bills
loan subscription,Bills
bill for emi,Bills
ordered water subscription,Bills
bill for wifi bill,Bills
ticket for broadband,Bills
wifi charge,Bills
ordered amazon prime subscription,Bills
loan bill,Bills
weekly electricity payment,Bills
loan charge,Bills
amazon prime bill,Bills
amazon prime subscription,Bills
water expense,Bills
airtel expense,Bills
loan payment,Bills
recharge dth,Bills
gas charge,Bills
electricity expense,Bills
online insurance,Bills
ticket for subscription,Bills
store jio,Bills
internet order,Bills
paid for internet bill,Bills
monthly act fibernet payment,Bills
weekly broadband payment,Bills
ordered jio,Bills
bill for tata sky,Bills
ordered insurance charge,Bills
dth bill,Bills
jio expense,Bills
monthly spotify,Bills
insurance purchase,Bills
bill for emi payment,Bills
maintenance charge,Bills
monthly insurance,Bills
bill for wifi,Bills
weekly electricity charge,Bills
online internet,Bills
online subscription payment,Bills
bill for broadband expense,Bills
trip to mobile recharge order,Bills
water purchase,Bills
recharge subscription purchase,Bills
ordered amazon prime bill,Bills
vi subscription,Bills
store loan,Bills
amazon prime expense,Bills
emi charge,Bills
bill for maintenance,Bills
weekly netflix payment,Bills
paid for internet purchase,Bills
monthly subscription payment,Bills
water bill,Bills
tata sky order,Bills
dth charge,Bills
airtel purchase,Bills
jio payment,Bills
trip to water purchase,Bills
weekly mobile recharge subscription,Bills
ticket for water order,Bills
paid for maintenance,Bills
store insurance bill,Bills
monthly airtel purchase,Bills
ordered vi payment,Bills
recharge subscription expense,Bills
mobile recharge expense,Bills
weekly water expense,Bills
vi charge,Bills
store vi order,Bills
spotify subscription,Bills
loan expense,Bills
ticket for rent charge,Bills
broadband expense,Bills
online water subscription,Bills
ordered wifi subscription,Bills
wifi,Bills
weekly mobile recharge bill,Bills
ordered gas bill,Bills
ticket for gas,Bills
store electricity,Bills
store vi,Bills
online jio payment,Bills
weekly mobile recharge expense,Bills
online wifi,Bills
airtel order,Bills
recharge netflix,Bills
airtel bill,Bills
tata sky payment,Bills
recharge wifi purchase,Bills
recharge act fibernet bill,Bills
broadband payment,Bills
emi bill,Bills
ordered insurance order,Bills
trip to amazon prime,Bills
ordered netflix expense,Bills
act fibernet order,Bills
trip to amazon prime expense,Bills
paid for rent expense,Bills
recharge rent payment,Bills
weekly electricity,Bills
online mobile recharge,Bills
recharge spotify charge,Bills
weekly loan,Bills
bill for emi order,Bills
amazon prime charge,Bills
bill for vi purchase,Bills
recharge water,Bills
weekly subscription,Bills
ordered spotify subscription,Bills
emi order,Bills
ordered netflix payment,Bills
weekly jio,Bills
maintenance purchase,Bills
paid for rent,Bills
paid for wifi,Bills
spotify bill,Bills
recharge dth order,Bills
ordered rent expense,Bills
ticket for maintenance,Bills
monthly jio,Bills
store insurance expense,Bills
maintenance expense,Bills
monthly vi charge,Bills
recharge act fibernet,Bills
paid for netflix purchase,Bills
weekly gas,Bills
store airtel,Bills
monthly broadband charge,Bills
internet charge,Bills
weekly loan bill,Bills
paid for broadband purchase,Bills
store subscription payment,Bills
trip to maintenance subscription,Bills
bill for gas payment,Bills
trip to wifi payment,Bills
recharge tata sky expense,Bills
maintenance order,Bills
ordered internet expense,Bills
trip to vi order,Bills
store mobile recharge,Bills
ticket for netflix order,Bills
store broadband charge,Bills
ticket for dth bill,Bills
